complaint_title,complaint_creation_date,complaint_description,company_response,company_response_time,consumer_consideration,consumer_consideration_time,complaint_status,complaint_deal_again,rating
Acordo que eu n√£o assinei,14/09/2023 13:58:00,Tenho uma divida no banco na qual fizeram um acordo que eu n√£o assinei. Quero cancelar,"Boa tarde Ana Carolina, tudo bem? Conforme solicitado o acordo 235930431 foi cancelado a seu pedido.SE PUDER AVALIAR O MEU ATENDIMENTO, EU FICARIA MUITO FELIZ üòäQueremos que saiba que para n√≥s, √© um prazer atender suas solicita√ß√µes, ent√£o se julgar necess√°rio ainda tratar sobre esse, ou qualquer outro assunto, poder√° nos contatar novamente por essa plataforma ou atrav√©s dos nossos canais de atendimento. Voc√™ pode avaliar o meu atendimento? Eu ficaria muito feliz! A sua opini√£o √© muito importante para n√≥s. IMPORTANTE: Lembramos que a resposta completa tamb√©m √© enviada para o seu e-mail cadastrado no Reclame Aqui, caso necess√°rio atualize-o, mas voc√™ tamb√©m poder√° consultar a mensagem privada atrav√©s do caminho abaixo: Minhas reclama√ß√µes > A√ß√£o (Clicar em: Responder ou Avaliar) > Consulte abaixo: Hist√≥rico da reclama√ß√£o. Deixamos nosso canal a sua disposi√ß√£o sempre que precisar! Atenciosamente,Equipe Santander! ‚ô®Ô∏èClique aqui: https://www.santander.com.br/atendimento-para-voce/telefones-santander e confira todos os nossos canais de atendimento.",14/09/2023 14:23:00,Resposta r√°pida,14/09/2023 14:24:00,Resolvido,N√£o,8
Conta bloqueada,14/09/2023 11:31:00,"Quero desbloquear minha conta, ela est√° bloqueada por conta de inatividade, perdi meu celular e s√≥ consigue compra um novo agora, e voltarei a usar o banco Santander.","Ol√° Luan tudo bem? esperamos que sim! Agradecemos pelo contato e pela oportunidade de poder falar sobre a sua demanda!Em analise ao sistema verificamos que a sua conta 0653, encontra-se com bloqueio de conta paralisada, realizamos a retirada desse bloqueio!Esse bloqueou acontece quando a conta fica muito tempo sem movimenta√ß√£o ! Para que a conta fique ativa novamente solicitamos que fa√ßa um PIX de qualquer valor para a conta !AtenciosamenteEquipe Santander ‚ô®Ô∏è",14/09/2023 13:13:00,Bom,14/09/2023 13:47:00,N√£o resolvido,Sim,9
Lista de preju√≠zo do banco central,14/09/2023 09:23:00,Eu fiz uma negocia√ß√£o com o banco Santander para quitar um d√©bito de aproximadamente 1800 por r$ 80 no entanto ap√≥s o quitamento do d√©bito o banco adicionou meu nome na lista de preju√≠zo do banco central o que est√° me gerando um grande transtorno pois n√£o consigo cr√©dito em lugar nenhum por conta disso fui enganado pois no momento da negocia√ß√£o questionei a respeito da retirada do meu nome da restri√ß√£o e eles me afirmaram que retiraria no entanto isso t√° me causando grande transtorno preciso que o banco resolva isso.,"Adelmar, Bom dia!Ap√≥s analises esclarecemos que o Sistema de Informa√ß√µes de Cr√©dito - SCR √© um banco de dados gerido pelo Banco Central e alimentado mensalmente pelas institui√ß√µes financeiras e cont√©m informa√ß√µes sobre saldos de opera√ß√µes de cr√©dito, avais e fian√ßas prestados e limites de cr√©ditos concedidos a pessoas f√≠sicas e jur√≠dicas no Pa√≠s.As informa√ß√µes constantes do SCR servem de subs√≠dio para se apurar o endividamento do cliente no Sistema Financeiro Nacional, n√£o sendo consideradas restri√ß√µes cadastrais.A atualiza√ß√£o de dados no SCR n√£o ocorre imediatamente ap√≥s o pagamento/renegocia√ß√£o da d√≠vida, as institui√ß√µes financeiras est√£o obrigadas a encaminhar ao Banco Central at√© o 9¬∫ dia √∫til do m√™s seguinte ao da respectiva data-base, arquivo com a posi√ß√£o das responsabilidades de seus clientes no √∫ltimo dia √∫til do m√™s anterior.A lista do Bacen n√£o √© IMPEDITIVA e sim INFORMATIVA, ou seja, o cliente √© reportado no SCR (Sistema de Informa√ß√£o de Cr√©dito) tanto vencido como a vencer e tendo como hist√≥rico as 24 √∫ltimas datas base, atualizada normalmente na segunda quinzena subsequente ao m√™s da data base.Todos os clientes com responsabilidade total igual ou superior a R$ 200,00 (duzentos reais) * devem ser informados no SCR (Sistema de Informa√ß√µes de Cr√©dito do Banco Central do Brasil), independentemente de estarem inadimplentes ou n√£o.Esclarecemos que , constar seus dados no Sistema de Informa√ß√µes de Cr√©dito, n√£o √© um fato negativo, e n√£o o impede que, pleiteie cr√©dito com as demais Institui√ß√µes Financeiras, as quais det√™m an√°lise de cr√©dito pr√≥pria. Estamos √† disposi√ß√£o para lhe atender sempre que precisar.AtenciosamenteEquipe Santander ‚ô®Ô∏è",14/09/2023 10:36:00,Muito fraca,14/09/2023 10:44:00,N√£o resolvido,N√£o,0
Realizei o pagamento do acordo mas n√£o retiraram o registro de devedores.,14/09/2023 09:11:00,"Realizei o pagamento de um acordo referente a uma d√≠vida que estava em aberto com o banco, no entanto apesar do meu nome ter sa√≠do do Serasa, ainda consta como preju√≠zo no registrato do Banco Central. Isso tem me prejudicado para conseguir cr√©dito para financiar minha casa pr√≥pria. Solicito a retirada do registro de preju√≠zo junto ao BACEN, tendo em vista que eu j√° paguei a d√≠vida a mais de 30 dias.","Ol√°, Paulo, em resposta a sua solicita√ß√£o, esclarecemos que o Sistema de Informa√ß√µes de Cr√©dito - SCR √© um banco de dados gerido pelo Banco Central e alimentado mensalmente pelas institui√ß√µes financeiras e cont√©m informa√ß√µes sobre saldos de opera√ß√µes de cr√©dito, avais e fian√ßas prestados e limites de cr√©ditos concedidos a pessoas f√≠sicas e jur√≠dicas no Pa√≠s. As informa√ß√µes constantes do SCR servem de subs√≠dio para se apurar o endividamento do cliente no Sistema Financeiro Nacional, n√£o sendo consideradas restri√ß√µes cadastrais. A atualiza√ß√£o de dados no SCR n√£o ocorre imediatamente ap√≥s o pagamento/renegocia√ß√£o da d√≠vida, as institui√ß√µes financeiras est√£o obrigadas a encaminhar ao Banco Central at√© o 9¬∫ dia √∫til do m√™s seguinte ao da respectiva data-base, arquivo com a posi√ß√£o das responsabilidades de seus clientes no √∫ltimo dia √∫til do m√™s anterior. A lista do Bacen n√£o √© IMPEDITIVA e sim INFORMATIVA, ou seja, o cliente √© reportado no SCR (Sistema de Informa√ß√£o de Cr√©dito) tanto vencido como a vencer e tendo como hist√≥rico as 24 √∫ltimas datas base, atualizada normalmente na segunda quinzena subsequente ao m√™s da data base. Todos os clientes com responsabilidade total igual ou superior a R$ 200,00 (duzentos reais) *devem ser informados no SCR (Sistema de Informa√ß√µes de Cr√©dito do Banco Central do Brasil), independentemente de estarem inadimplentes ou n√£o. IMPORTANTE: Lembramos que a resposta completa tamb√©m √© enviada para o seu e-mail cadastrado no Reclame Aqui. caso necess√°rio atualize-o. Deixamos nosso canal a sua disposi√ß√£o sempre que precisar! Atenciosamente,Equipe Santander! ‚ô®Ô∏èClique aqui: https://www.santander.com.br/atendimento-para-voce/telefones-santander e confira todos os nossos canais de atendimento.",14/09/2023 11:49:00,"A empresa entrou em contato comigo afirmando que o problema vai ser resolvido em at√© 60 dias, sendo assim eu encerro essa reclama√ß√£o. Caso n√£o ocorra no prazo estabelecido eu abrirei outra reclama√ß√£o.",15/09/2023 08:12:00,Resolvido,N√£o,7
Bloqueio de conta,13/09/2023 12:01:00,"Bom dia, estou com um problema e n√£o vejo a solu√ß√£o. O banco bloqueio minha conta sem motivo, eu j√° liguei j√° fui at√© a ag√™ncia e a gerente disse que √© um bloqueio de seguran√ßa. Falou pra mim que solicitou o desbloqueio e tenho que aguardar 3 dias, sendo que nunca fiz nada de errado, s√≥ uso essa conta para receber da empresa de delivery que faz o pagamento nela, eu trabalho com entregas de moto e toda quarta recebo o pagamento por essa conta, estou aguardando os dias que a gerente disse e at√© agora nada, n√£o sei mas oque fazer pois meu dinheiro que trabalhei est√° l√° bloqueado e isso t√° me prejudicando com d√≠vidas.",Ol√° Ant√¥nio Identificamos  ind√≠cios de irregularidade em sua conta. Precisamos que o Sr.(a) compare√ßa at√© sua ag√™ncia para maiores esclarecimentos.Deixamos nosso canal a sua disposi√ß√£o sempre que precisar!AtenciosamenteEquipe Santander ‚ô®Ô∏è,14/09/2023 12:33:00,"N√£o resolveu ainda o meu problema , j√° fui at√© a ag√™ncia e a gerente s√≥ me disse pra aguardar esses 3 dia e nada de conseguir sacar o meu dinheiro.",14/09/2023 15:50:00,N√£o resolvido,N√£o,5
Inscri√ß√£o [Editado pelo Reclame Aqui] no registrato,13/09/2023 11:52:00,Paguei um acordo com o banco.Ao entrar no registrato deparei esse acordo como preju√≠zo me impossibilitando de conseguir cr√©dito novamente.solicito a imediata retirada do meu nome,"Fabio, tudo bem?Ap√≥s analises esclarecemos que o Sistema de Informa√ß√µes de Cr√©dito - SCR √© um banco de dados gerido pelo Banco Central e alimentado mensalmente pelas institui√ß√µes financeiras e cont√©m informa√ß√µes sobre saldos de opera√ß√µes de cr√©dito, avais e fian√ßas prestados e limites de cr√©ditos concedidos a pessoas f√≠sicas e jur√≠dicas no Pa√≠s.As informa√ß√µes constantes do SCR servem de subs√≠dio para se apurar o endividamento do cliente no Sistema Financeiro Nacional, n√£o sendo consideradas restri√ß√µes cadastrais.A atualiza√ß√£o de dados no SCR n√£o ocorre imediatamente ap√≥s o pagamento/renegocia√ß√£o da d√≠vida, as institui√ß√µes financeiras est√£o obrigadas a encaminhar ao Banco Central at√© o 9¬∫ dia √∫til do m√™s seguinte ao da respectiva data-base, arquivo com a posi√ß√£o das responsabilidades de seus clientes no √∫ltimo dia √∫til do m√™s anterior.A lista do Bacen n√£o √© IMPEDITIVA e sim INFORMATIVA, ou seja, o cliente √© reportado no SCR (Sistema de Informa√ß√£o de Cr√©dito) tanto vencido como a vencer e tendo como hist√≥rico as 24 √∫ltimas datas base, atualizada normalmente na segunda quinzena subsequente ao m√™s da data base.Todos os clientes com responsabilidade total igual ou superior a R$ 200,00 (duzentos reais) * devem ser informados no SCR (Sistema de Informa√ß√µes de Cr√©dito do Banco Central do Brasil), independentemente de estarem inadimplentes ou n√£o.Atenciosamente, Equipe Santander! ‚ô®Ô∏è",14/09/2023 13:38:00,Bom,14/09/2023 13:54:00,Resolvido,Sim,8
Renegocia√ß√£o,13/09/2023 10:27:00,"Ja realizei o pagamento da minha negocia√ß√£o, por√©m n√£o foi excluido dos org√£os de negativados ja tentei ligar por√©m sem sucesso","Ol√°, Daniele!Conforme informado via mensagem privada foi realizada a regulariza√ß√£o do apontamento.IMPORTANTE: Lembramos que a resposta completa tamb√©m √© enviada para o seu e-mail cadastrado no Reclame Aqui, caso necess√°rio atualize-o, mas voc√™ tamb√©m poder√° consultar a mensagem privada atrav√©s do caminho abaixo: Minhas reclama√ß√µes > A√ß√£o (Clicar em: Responder ou Avaliar) > Consulte abaixo: Hist√≥rico da reclama√ß√£o. Deixamos nosso canal a sua disposi√ß√£o sempre que precisar! Atenciosamente,Equipe Santander! ‚ô®Ô∏èClique aqui: https://www.santander.com.br/atendimento-para-voce/telefones-santander e confira todos os nossos canais de atendimento.",14/09/2023 18:10:00,Otimo,14/09/2023 19:49:00,Resolvido,Sim,10
Cobran√ßa [Editado pelo Reclame Aqui],13/09/2023 10:27:00,"Boa tarde. Sou cliente Santander h√° muitos anos e estou sendo cobrada por ""tarifa mensalidade pacote servicos"", no valor de R$ 12,60, ainda que tenha solicitado o pacote de servi√ßos essenciais, isento de tarifa, ao qual os clientes t√™m direito, segundo a Resolu√ß√£o 3.919/10 do Bacen. Solicito a restitui√ß√£o em dobro dos valores cobrados indevidamente, conforme artigo 42, p. Unico, do C√≥digo de Defesa do Consumidor (lei 8.078/90). Grata.","Dora, bom dia!Primeiramente, pe√ßo desculpas em nome do Banco Santander por quaisquer transtornos.Esclarecemos que a contrata√ß√£o do pacote de servi√ßos √© opcional, e todos os clientes possuem a liberalidade de optar sobre a altera√ß√£o e/ou cancelamento do pacote de servi√ßo, tanto na ocasi√£o da abertura da conta corrente, quanto no decorrer da rela√ß√£o comercial, seja por meio da sua ag√™ncia de relacionamento, central de atendimento ou nosso APP.No pr√≥prio termo de contrata√ß√£o de pacote de servi√ßos √© disponibilizado e assegurado a todos os clientes a op√ß√£o pelos servi√ßos essenciais. Sendo assim, destacamos que a op√ß√£o do cancelamento √© uma decis√£o exclusiva do cliente, n√£o cabendo nesse sentido, a realiza√ß√£o de estornos ou ressarcimentos pelos servi√ßos prestados. Ainda assim, constatamos que houve o estorno da mensalidade  AGOSTO / 2023/JULHO / 2023/JUNHO / 2023/MAIO / 2023/ creditados em 13/09/23.Agradecemos o seu contato e permanecemos √† disposi√ß√£o.Atenciosamente, Equipe Santander! ‚ô®Ô∏è",13/09/2023 11:51:00,√ìtimo atendimento feito pela Bruna.,13/09/2023 13:31:00,Resolvido,Sim,10
Falta de respeito com o cliente,13/09/2023 07:59:00,"O banco Santander n√£o respeita o cliente, estou desde o m√™s de agosto tentando contato para negociar um empr√©stimo, me mandam abrir protocolo, procedimento que j√° foi feito, e respondem o email com respostas evasivas, mandando novamente abrir um protocolo, parece at√© que √© f√°cil falar no bendito call center. Nunca vi pedir para abrir protocolo, s√≥ para enviar o nome e contato do gerente da conta, que nunca efetuou um contato.","Bom dia Silvia!Recebemos a sua manifesta√ß√£o atrav√©s do Reclame Aqui e estamos escrevendo para te oferecer uma resposta.Verificamos que nos acionou sobre o assunto mediante o protocolo 224592762.Prezada, SILVIA. Agradecemos o seu contato com o Banco Santander registrado sob o Protocolo N¬∞224592762. Em resposta a sua mensagem registrada, n√£o temos acesso na libera√ß√£o de consignado, seja novo contrato, refinanciamento, ou contrato de renegocia√ß√£o, pois n√£o temos acesso ao cadastro de proposta ou simula√ß√£o.Ademais, informamos que, opera√ß√£o de cr√©dito consignado √© um empr√©stimo vinculado ao seu conv√™nio, ou seja, o repasse para o banco Santander ocorre devido a troca de arquivos com Banco Santander (desconto em folha). Ap√≥s perder v√≠nculo √© respons√°vel pela liquida√ß√£o das parcelas e para renegocia√ß√£o √© necess√°rio que verifique junto √† sua ag√™ncia banc√°ria e ao seu gerente de relacionamento a possibilidade de submiss√£o de an√°lise, ao qual, estar√° sujeito an√°lise credit√≠cia, que s√£o considerados v√°rios fatores internos e externos. Dentre os internos, avaliamos o hist√≥rico de relacionamento que possui conosco, suas informa√ß√µes cadastrais, renda e capacidade financeira. Como fatores externos, podemos citar os √≥rg√£os de prote√ß√£o ao cr√©dito e o comprometimento global de renda. O resultado da combina√ß√£o desses fatores √© que ir√° determinar aprova√ß√£o ou n√£o da concess√£o de cr√©dito.   IMPORTANTE: Lembramos que a resposta completa tamb√©m √© enviada para o seu e-mail cadastrado no Reclame Aqui, caso necess√°rio atualize-o, mas voc√™ tamb√©m poder√° consultar a mensagem privada atrav√©s do caminho abaixo: Minhas reclama√ß√µes > A√ß√£o (Clicar em: Responder ou Avaliar) > Consulte abaixo: Hist√≥rico da reclama√ß√£o. Deixamos nosso canal a sua disposi√ß√£o sempre que precisar! Atenciosamente,Equipe Santander! ‚ô®Ô∏èClique aqui: https://www.santander.com.br/atendimento-para-voce/telefones-santander e confira todos os nossos canais de atendimento.",14/09/2023 12:00:00,"P√©ssimo atendimento,  por diversas vezes tenho solicitado o contato do gerente respons√°vel pela conta,  pois em todos esses anos que sou correntista,  nunca fui contatada.Me mandam abrir protocolo,  e n√£o enviam contato, nunca vi banco pior em termos de contato e negocia√ß√£o.  Depois acham ruim quando perdem o cliente.",14/09/2023 21:16:00,N√£o resolvido,N√£o,1
Cobran√ßa [Editado pelo Reclame Aqui],12/09/2023 21:58:00,"Quitei minha renegocia√ß√£o com o Santander e a d√≠vida simplesmente continua no sistema do banco. Em contato com o banco, a √∫nica resposta que consegui foi ignore a informa√ß√£o que aparece no aplicativo.","Boa tarde Carlos, tudo bem?Recebemos a sua manifesta√ß√£o atrav√©s do Reclame Aqui e estamos escrevendo para te oferecer uma resposta.Em aten√ß√£o √† sua demanda, esclarecemos que o saldo devedor do seu contrato cart√£o XXXX-XXXXXXXXX foi quitado na data 31/08/2023.Sendo assim, n√£o h√° valores em aberto, o acordo foi liquidado.Quando algumas faturas ficam sem pagamento e o contrato √© enviado para cobran√ßa, o App congela a imagem da √∫ltima fatura que foi emitida. Mesmo ap√≥s a liquida√ß√£o das d√≠vidas essa imagem permanece. Somente ocorrer√° altera√ß√£o desta imagem se: -> Houver o cancelamento do contrato do cart√£o. -> Caso haja libera√ß√£o de limite e uso do cart√£o, gerando assim uma nova fatura.Como voc√™ j√° liquidou o saldo devedor, seu cadastro passa a ser analisado por nossas √°reas de cr√©dito. Isso significa que o limite pode vir a ser liberado neste contrato novamente. Por fim, fique tranquilo pois de fato a d√≠vida encontra-se liquidada. IMPORTANTE: Lembramos que a resposta completa tamb√©m √© enviada para o seu e-mail cadastrado no Reclame Aqui, caso necess√°rio atualize-o, mas voc√™ tamb√©m poder√° consultar a mensagem privada atrav√©s do caminho abaixo: Minhas reclama√ß√µes > A√ß√£o (Clicar em: Responder ou Avaliar) > Consulte abaixo: Hist√≥rico da reclama√ß√£o. Deixamos nosso canal a sua disposi√ß√£o sempre que precisar! Atenciosamente,Equipe Santander! ‚ô®Ô∏èClique aqui: https://www.santander.com.br/atendimento-para-voce/telefones-santander e confira todos os nossos canais de atendimento.",13/09/2023 16:53:00,Obtive uma resposta r√°pida e clara.,14/09/2023 17:45:00,Resolvido,Sim,9
Conta bloqueada,14/09/2023 11:31:00,"Quero desbloquear minha conta, ela est√° bloqueada por conta de inatividade, perdi meu celular e s√≥ consigue compra um novo agora, e voltarei a usar o banco Santander.","Ol√° Luan tudo bem? esperamos que sim! Agradecemos pelo contato e pela oportunidade de poder falar sobre a sua demanda!Em analise ao sistema verificamos que a sua conta 0653, encontra-se com bloqueio de conta paralisada, realizamos a retirada desse bloqueio!Esse bloqueou acontece quando a conta fica muito tempo sem movimenta√ß√£o ! Para que a conta fique ativa novamente solicitamos que fa√ßa um PIX de qualquer valor para a conta !AtenciosamenteEquipe Santander ‚ô®Ô∏è",14/09/2023 13:13:00,Bom,14/09/2023 13:47:00,N√£o resolvido,Sim,9
Lista de preju√≠zo do banco central,14/09/2023 09:23:00,Eu fiz uma negocia√ß√£o com o banco Santander para quitar um d√©bito de aproximadamente 1800 por r$ 80 no entanto ap√≥s o quitamento do d√©bito o banco adicionou meu nome na lista de preju√≠zo do banco central o que est√° me gerando um grande transtorno pois n√£o consigo cr√©dito em lugar nenhum por conta disso fui enganado pois no momento da negocia√ß√£o questionei a respeito da retirada do meu nome da restri√ß√£o e eles me afirmaram que retiraria no entanto isso t√° me causando grande transtorno preciso que o banco resolva isso.,"Adelmar, Bom dia!Ap√≥s analises esclarecemos que o Sistema de Informa√ß√µes de Cr√©dito - SCR √© um banco de dados gerido pelo Banco Central e alimentado mensalmente pelas institui√ß√µes financeiras e cont√©m informa√ß√µes sobre saldos de opera√ß√µes de cr√©dito, avais e fian√ßas prestados e limites de cr√©ditos concedidos a pessoas f√≠sicas e jur√≠dicas no Pa√≠s.As informa√ß√µes constantes do SCR servem de subs√≠dio para se apurar o endividamento do cliente no Sistema Financeiro Nacional, n√£o sendo consideradas restri√ß√µes cadastrais.A atualiza√ß√£o de dados no SCR n√£o ocorre imediatamente ap√≥s o pagamento/renegocia√ß√£o da d√≠vida, as institui√ß√µes financeiras est√£o obrigadas a encaminhar ao Banco Central at√© o 9¬∫ dia √∫til do m√™s seguinte ao da respectiva data-base, arquivo com a posi√ß√£o das responsabilidades de seus clientes no √∫ltimo dia √∫til do m√™s anterior.A lista do Bacen n√£o √© IMPEDITIVA e sim INFORMATIVA, ou seja, o cliente √© reportado no SCR (Sistema de Informa√ß√£o de Cr√©dito) tanto vencido como a vencer e tendo como hist√≥rico as 24 √∫ltimas datas base, atualizada normalmente na segunda quinzena subsequente ao m√™s da data base.Todos os clientes com responsabilidade total igual ou superior a R$ 200,00 (duzentos reais) * devem ser informados no SCR (Sistema de Informa√ß√µes de Cr√©dito do Banco Central do Brasil), independentemente de estarem inadimplentes ou n√£o.Esclarecemos que , constar seus dados no Sistema de Informa√ß√µes de Cr√©dito, n√£o √© um fato negativo, e n√£o o impede que, pleiteie cr√©dito com as demais Institui√ß√µes Financeiras, as quais det√™m an√°lise de cr√©dito pr√≥pria. Estamos √† disposi√ß√£o para lhe atender sempre que precisar.AtenciosamenteEquipe Santander ‚ô®Ô∏è",14/09/2023 10:36:00,Muito fraca,14/09/2023 10:44:00,N√£o resolvido,N√£o,0
Realizei o pagamento do acordo mas n√£o retiraram o registro de devedores.,14/09/2023 09:11:00,"Realizei o pagamento de um acordo referente a uma d√≠vida que estava em aberto com o banco, no entanto apesar do meu nome ter sa√≠do do Serasa, ainda consta como preju√≠zo no registrato do Banco Central. Isso tem me prejudicado para conseguir cr√©dito para financiar minha casa pr√≥pria. Solicito a retirada do registro de preju√≠zo junto ao BACEN, tendo em vista que eu j√° paguei a d√≠vida a mais de 30 dias.","Ol√°, Paulo, em resposta a sua solicita√ß√£o, esclarecemos que o Sistema de Informa√ß√µes de Cr√©dito - SCR √© um banco de dados gerido pelo Banco Central e alimentado mensalmente pelas institui√ß√µes financeiras e cont√©m informa√ß√µes sobre saldos de opera√ß√µes de cr√©dito, avais e fian√ßas prestados e limites de cr√©ditos concedidos a pessoas f√≠sicas e jur√≠dicas no Pa√≠s. As informa√ß√µes constantes do SCR servem de subs√≠dio para se apurar o endividamento do cliente no Sistema Financeiro Nacional, n√£o sendo consideradas restri√ß√µes cadastrais. A atualiza√ß√£o de dados no SCR n√£o ocorre imediatamente ap√≥s o pagamento/renegocia√ß√£o da d√≠vida, as institui√ß√µes financeiras est√£o obrigadas a encaminhar ao Banco Central at√© o 9¬∫ dia √∫til do m√™s seguinte ao da respectiva data-base, arquivo com a posi√ß√£o das responsabilidades de seus clientes no √∫ltimo dia √∫til do m√™s anterior. A lista do Bacen n√£o √© IMPEDITIVA e sim INFORMATIVA, ou seja, o cliente √© reportado no SCR (Sistema de Informa√ß√£o de Cr√©dito) tanto vencido como a vencer e tendo como hist√≥rico as 24 √∫ltimas datas base, atualizada normalmente na segunda quinzena subsequente ao m√™s da data base. Todos os clientes com responsabilidade total igual ou superior a R$ 200,00 (duzentos reais) *devem ser informados no SCR (Sistema de Informa√ß√µes de Cr√©dito do Banco Central do Brasil), independentemente de estarem inadimplentes ou n√£o. IMPORTANTE: Lembramos que a resposta completa tamb√©m √© enviada para o seu e-mail cadastrado no Reclame Aqui. caso necess√°rio atualize-o. Deixamos nosso canal a sua disposi√ß√£o sempre que precisar! Atenciosamente,Equipe Santander! ‚ô®Ô∏èClique aqui: https://www.santander.com.br/atendimento-para-voce/telefones-santander e confira todos os nossos canais de atendimento.",14/09/2023 11:49:00,"A empresa entrou em contato comigo afirmando que o problema vai ser resolvido em at√© 60 dias, sendo assim eu encerro essa reclama√ß√£o. Caso n√£o ocorra no prazo estabelecido eu abrirei outra reclama√ß√£o.",15/09/2023 08:12:00,Resolvido,N√£o,7
Bloqueio de conta,13/09/2023 12:01:00,"Bom dia, estou com um problema e n√£o vejo a solu√ß√£o. O banco bloqueio minha conta sem motivo, eu j√° liguei j√° fui at√© a ag√™ncia e a gerente disse que √© um bloqueio de seguran√ßa. Falou pra mim que solicitou o desbloqueio e tenho que aguardar 3 dias, sendo que nunca fiz nada de errado, s√≥ uso essa conta para receber da empresa de delivery que faz o pagamento nela, eu trabalho com entregas de moto e toda quarta recebo o pagamento por essa conta, estou aguardando os dias que a gerente disse e at√© agora nada, n√£o sei mas oque fazer pois meu dinheiro que trabalhei est√° l√° bloqueado e isso t√° me prejudicando com d√≠vidas.",Ol√° Ant√¥nio Identificamos  ind√≠cios de irregularidade em sua conta. Precisamos que o Sr.(a) compare√ßa at√© sua ag√™ncia para maiores esclarecimentos.Deixamos nosso canal a sua disposi√ß√£o sempre que precisar!AtenciosamenteEquipe Santander ‚ô®Ô∏è,14/09/2023 12:33:00,"N√£o resolveu ainda o meu problema , j√° fui at√© a ag√™ncia e a gerente s√≥ me disse pra aguardar esses 3 dia e nada de conseguir sacar o meu dinheiro.",14/09/2023 15:50:00,N√£o resolvido,N√£o,5
Inscri√ß√£o [Editado pelo Reclame Aqui] no registrato,13/09/2023 11:52:00,Paguei um acordo com o banco.Ao entrar no registrato deparei esse acordo como preju√≠zo me impossibilitando de conseguir cr√©dito novamente.solicito a imediata retirada do meu nome,"Fabio, tudo bem?Ap√≥s analises esclarecemos que o Sistema de Informa√ß√µes de Cr√©dito - SCR √© um banco de dados gerido pelo Banco Central e alimentado mensalmente pelas institui√ß√µes financeiras e cont√©m informa√ß√µes sobre saldos de opera√ß√µes de cr√©dito, avais e fian√ßas prestados e limites de cr√©ditos concedidos a pessoas f√≠sicas e jur√≠dicas no Pa√≠s.As informa√ß√µes constantes do SCR servem de subs√≠dio para se apurar o endividamento do cliente no Sistema Financeiro Nacional, n√£o sendo consideradas restri√ß√µes cadastrais.A atualiza√ß√£o de dados no SCR n√£o ocorre imediatamente ap√≥s o pagamento/renegocia√ß√£o da d√≠vida, as institui√ß√µes financeiras est√£o obrigadas a encaminhar ao Banco Central at√© o 9¬∫ dia √∫til do m√™s seguinte ao da respectiva data-base, arquivo com a posi√ß√£o das responsabilidades de seus clientes no √∫ltimo dia √∫til do m√™s anterior.A lista do Bacen n√£o √© IMPEDITIVA e sim INFORMATIVA, ou seja, o cliente √© reportado no SCR (Sistema de Informa√ß√£o de Cr√©dito) tanto vencido como a vencer e tendo como hist√≥rico as 24 √∫ltimas datas base, atualizada normalmente na segunda quinzena subsequente ao m√™s da data base.Todos os clientes com responsabilidade total igual ou superior a R$ 200,00 (duzentos reais) * devem ser informados no SCR (Sistema de Informa√ß√µes de Cr√©dito do Banco Central do Brasil), independentemente de estarem inadimplentes ou n√£o.Atenciosamente, Equipe Santander! ‚ô®Ô∏è",14/09/2023 13:38:00,Bom,14/09/2023 13:54:00,Resolvido,Sim,8
Renegocia√ß√£o,13/09/2023 10:27:00,"Ja realizei o pagamento da minha negocia√ß√£o, por√©m n√£o foi excluido dos org√£os de negativados ja tentei ligar por√©m sem sucesso","Ol√°, Daniele!Conforme informado via mensagem privada foi realizada a regulariza√ß√£o do apontamento.IMPORTANTE: Lembramos que a resposta completa tamb√©m √© enviada para o seu e-mail cadastrado no Reclame Aqui, caso necess√°rio atualize-o, mas voc√™ tamb√©m poder√° consultar a mensagem privada atrav√©s do caminho abaixo: Minhas reclama√ß√µes > A√ß√£o (Clicar em: Responder ou Avaliar) > Consulte abaixo: Hist√≥rico da reclama√ß√£o. Deixamos nosso canal a sua disposi√ß√£o sempre que precisar! Atenciosamente,Equipe Santander! ‚ô®Ô∏èClique aqui: https://www.santander.com.br/atendimento-para-voce/telefones-santander e confira todos os nossos canais de atendimento.",14/09/2023 18:10:00,Otimo,14/09/2023 19:49:00,Resolvido,Sim,10
Cobran√ßa [Editado pelo Reclame Aqui],13/09/2023 10:27:00,"Boa tarde. Sou cliente Santander h√° muitos anos e estou sendo cobrada por ""tarifa mensalidade pacote servicos"", no valor de R$ 12,60, ainda que tenha solicitado o pacote de servi√ßos essenciais, isento de tarifa, ao qual os clientes t√™m direito, segundo a Resolu√ß√£o 3.919/10 do Bacen. Solicito a restitui√ß√£o em dobro dos valores cobrados indevidamente, conforme artigo 42, p. Unico, do C√≥digo de Defesa do Consumidor (lei 8.078/90). Grata.","Dora, bom dia!Primeiramente, pe√ßo desculpas em nome do Banco Santander por quaisquer transtornos.Esclarecemos que a contrata√ß√£o do pacote de servi√ßos √© opcional, e todos os clientes possuem a liberalidade de optar sobre a altera√ß√£o e/ou cancelamento do pacote de servi√ßo, tanto na ocasi√£o da abertura da conta corrente, quanto no decorrer da rela√ß√£o comercial, seja por meio da sua ag√™ncia de relacionamento, central de atendimento ou nosso APP.No pr√≥prio termo de contrata√ß√£o de pacote de servi√ßos √© disponibilizado e assegurado a todos os clientes a op√ß√£o pelos servi√ßos essenciais. Sendo assim, destacamos que a op√ß√£o do cancelamento √© uma decis√£o exclusiva do cliente, n√£o cabendo nesse sentido, a realiza√ß√£o de estornos ou ressarcimentos pelos servi√ßos prestados. Ainda assim, constatamos que houve o estorno da mensalidade  AGOSTO / 2023/JULHO / 2023/JUNHO / 2023/MAIO / 2023/ creditados em 13/09/23.Agradecemos o seu contato e permanecemos √† disposi√ß√£o.Atenciosamente, Equipe Santander! ‚ô®Ô∏è",13/09/2023 11:51:00,√ìtimo atendimento feito pela Bruna.,13/09/2023 13:31:00,Resolvido,Sim,10
Falta de respeito com o cliente,13/09/2023 07:59:00,"O banco Santander n√£o respeita o cliente, estou desde o m√™s de agosto tentando contato para negociar um empr√©stimo, me mandam abrir protocolo, procedimento que j√° foi feito, e respondem o email com respostas evasivas, mandando novamente abrir um protocolo, parece at√© que √© f√°cil falar no bendito call center. Nunca vi pedir para abrir protocolo, s√≥ para enviar o nome e contato do gerente da conta, que nunca efetuou um contato.","Bom dia Silvia!Recebemos a sua manifesta√ß√£o atrav√©s do Reclame Aqui e estamos escrevendo para te oferecer uma resposta.Verificamos que nos acionou sobre o assunto mediante o protocolo 224592762.Prezada, SILVIA. Agradecemos o seu contato com o Banco Santander registrado sob o Protocolo N¬∞224592762. Em resposta a sua mensagem registrada, n√£o temos acesso na libera√ß√£o de consignado, seja novo contrato, refinanciamento, ou contrato de renegocia√ß√£o, pois n√£o temos acesso ao cadastro de proposta ou simula√ß√£o.Ademais, informamos que, opera√ß√£o de cr√©dito consignado √© um empr√©stimo vinculado ao seu conv√™nio, ou seja, o repasse para o banco Santander ocorre devido a troca de arquivos com Banco Santander (desconto em folha). Ap√≥s perder v√≠nculo √© respons√°vel pela liquida√ß√£o das parcelas e para renegocia√ß√£o √© necess√°rio que verifique junto √† sua ag√™ncia banc√°ria e ao seu gerente de relacionamento a possibilidade de submiss√£o de an√°lise, ao qual, estar√° sujeito an√°lise credit√≠cia, que s√£o considerados v√°rios fatores internos e externos. Dentre os internos, avaliamos o hist√≥rico de relacionamento que possui conosco, suas informa√ß√µes cadastrais, renda e capacidade financeira. Como fatores externos, podemos citar os √≥rg√£os de prote√ß√£o ao cr√©dito e o comprometimento global de renda. O resultado da combina√ß√£o desses fatores √© que ir√° determinar aprova√ß√£o ou n√£o da concess√£o de cr√©dito.   IMPORTANTE: Lembramos que a resposta completa tamb√©m √© enviada para o seu e-mail cadastrado no Reclame Aqui, caso necess√°rio atualize-o, mas voc√™ tamb√©m poder√° consultar a mensagem privada atrav√©s do caminho abaixo: Minhas reclama√ß√µes > A√ß√£o (Clicar em: Responder ou Avaliar) > Consulte abaixo: Hist√≥rico da reclama√ß√£o. Deixamos nosso canal a sua disposi√ß√£o sempre que precisar! Atenciosamente,Equipe Santander! ‚ô®Ô∏èClique aqui: https://www.santander.com.br/atendimento-para-voce/telefones-santander e confira todos os nossos canais de atendimento.",14/09/2023 12:00:00,"P√©ssimo atendimento,  por diversas vezes tenho solicitado o contato do gerente respons√°vel pela conta,  pois em todos esses anos que sou correntista,  nunca fui contatada.Me mandam abrir protocolo,  e n√£o enviam contato, nunca vi banco pior em termos de contato e negocia√ß√£o.  Depois acham ruim quando perdem o cliente.",14/09/2023 21:16:00,N√£o resolvido,N√£o,1
Cobran√ßa [Editado pelo Reclame Aqui],12/09/2023 21:58:00,"Quitei minha renegocia√ß√£o com o Santander e a d√≠vida simplesmente continua no sistema do banco. Em contato com o banco, a √∫nica resposta que consegui foi ignore a informa√ß√£o que aparece no aplicativo.","Boa tarde Carlos, tudo bem?Recebemos a sua manifesta√ß√£o atrav√©s do Reclame Aqui e estamos escrevendo para te oferecer uma resposta.Em aten√ß√£o √† sua demanda, esclarecemos que o saldo devedor do seu contrato cart√£o XXXX-XXXXXXXXX foi quitado na data 31/08/2023.Sendo assim, n√£o h√° valores em aberto, o acordo foi liquidado.Quando algumas faturas ficam sem pagamento e o contrato √© enviado para cobran√ßa, o App congela a imagem da √∫ltima fatura que foi emitida. Mesmo ap√≥s a liquida√ß√£o das d√≠vidas essa imagem permanece. Somente ocorrer√° altera√ß√£o desta imagem se: -> Houver o cancelamento do contrato do cart√£o. -> Caso haja libera√ß√£o de limite e uso do cart√£o, gerando assim uma nova fatura.Como voc√™ j√° liquidou o saldo devedor, seu cadastro passa a ser analisado por nossas √°reas de cr√©dito. Isso significa que o limite pode vir a ser liberado neste contrato novamente. Por fim, fique tranquilo pois de fato a d√≠vida encontra-se liquidada. IMPORTANTE: Lembramos que a resposta completa tamb√©m √© enviada para o seu e-mail cadastrado no Reclame Aqui, caso necess√°rio atualize-o, mas voc√™ tamb√©m poder√° consultar a mensagem privada atrav√©s do caminho abaixo: Minhas reclama√ß√µes > A√ß√£o (Clicar em: Responder ou Avaliar) > Consulte abaixo: Hist√≥rico da reclama√ß√£o. Deixamos nosso canal a sua disposi√ß√£o sempre que precisar! Atenciosamente,Equipe Santander! ‚ô®Ô∏èClique aqui: https://www.santander.com.br/atendimento-para-voce/telefones-santander e confira todos os nossos canais de atendimento.",13/09/2023 16:53:00,Obtive uma resposta r√°pida e clara.,14/09/2023 17:45:00,Resolvido,Sim,9
Conta encerrada em 2018 ainda informa que est√° aberta no Registrato do Banco Central,12/09/2023 21:34:00,Encerrei minha conta com o Santander em 29/10/2018 onde j√° tem mais de 3 anos. E na data de hoje dia 12/09/2023 emiti um relat√≥rio no sistema Registrato do Banco Central e ainda n√£o informa o fechamento da conta! Somente a abertura em 27/09/2017. Gostaria de informa√ß√µes sobre isso e que fosse atualizado essa informa√ß√£o no Banco Central j√° que n√£o tenho mais conta no Santander. Aguardo feedback! Tenho os comprovantes/documentos tanto de abertura como de encerramento da conta.,"Ol√° Yago A sua solicita√ß√£o de encerramento  j√° foi realizada. Segue em anexo o termo de encerramento. ( via privado )Atenciosamente, Equipe Santander! ‚ô®Ô∏è",13/09/2023 15:03:00,Agrade√ßo o suporte e feedback! Resolvido!,13/09/2023 18:11:00,Resolvido,Sim,10
Lista de preju√≠zo do banco central,14/09/2023 09:23:00,Eu fiz uma negocia√ß√£o com o banco Santander para quitar um d√©bito de aproximadamente 1800 por r$ 80 no entanto ap√≥s o quitamento do d√©bito o banco adicionou meu nome na lista de preju√≠zo do banco central o que est√° me gerando um grande transtorno pois n√£o consigo cr√©dito em lugar nenhum por conta disso fui enganado pois no momento da negocia√ß√£o questionei a respeito da retirada do meu nome da restri√ß√£o e eles me afirmaram que retiraria no entanto isso t√° me causando grande transtorno preciso que o banco resolva isso.,"Adelmar, Bom dia!Ap√≥s analises esclarecemos que o Sistema de Informa√ß√µes de Cr√©dito - SCR √© um banco de dados gerido pelo Banco Central e alimentado mensalmente pelas institui√ß√µes financeiras e cont√©m informa√ß√µes sobre saldos de opera√ß√µes de cr√©dito, avais e fian√ßas prestados e limites de cr√©ditos concedidos a pessoas f√≠sicas e jur√≠dicas no Pa√≠s.As informa√ß√µes constantes do SCR servem de subs√≠dio para se apurar o endividamento do cliente no Sistema Financeiro Nacional, n√£o sendo consideradas restri√ß√µes cadastrais.A atualiza√ß√£o de dados no SCR n√£o ocorre imediatamente ap√≥s o pagamento/renegocia√ß√£o da d√≠vida, as institui√ß√µes financeiras est√£o obrigadas a encaminhar ao Banco Central at√© o 9¬∫ dia √∫til do m√™s seguinte ao da respectiva data-base, arquivo com a posi√ß√£o das responsabilidades de seus clientes no √∫ltimo dia √∫til do m√™s anterior.A lista do Bacen n√£o √© IMPEDITIVA e sim INFORMATIVA, ou seja, o cliente √© reportado no SCR (Sistema de Informa√ß√£o de Cr√©dito) tanto vencido como a vencer e tendo como hist√≥rico as 24 √∫ltimas datas base, atualizada normalmente na segunda quinzena subsequente ao m√™s da data base.Todos os clientes com responsabilidade total igual ou superior a R$ 200,00 (duzentos reais) * devem ser informados no SCR (Sistema de Informa√ß√µes de Cr√©dito do Banco Central do Brasil), independentemente de estarem inadimplentes ou n√£o.Esclarecemos que , constar seus dados no Sistema de Informa√ß√µes de Cr√©dito, n√£o √© um fato negativo, e n√£o o impede que, pleiteie cr√©dito com as demais Institui√ß√µes Financeiras, as quais det√™m an√°lise de cr√©dito pr√≥pria. Estamos √† disposi√ß√£o para lhe atender sempre que precisar.AtenciosamenteEquipe Santander ‚ô®Ô∏è",14/09/2023 10:36:00,Muito fraca,14/09/2023 10:44:00,N√£o resolvido,N√£o,0
Realizei o pagamento do acordo mas n√£o retiraram o registro de devedores.,14/09/2023 09:11:00,"Realizei o pagamento de um acordo referente a uma d√≠vida que estava em aberto com o banco, no entanto apesar do meu nome ter sa√≠do do Serasa, ainda consta como preju√≠zo no registrato do Banco Central. Isso tem me prejudicado para conseguir cr√©dito para financiar minha casa pr√≥pria. Solicito a retirada do registro de preju√≠zo junto ao BACEN, tendo em vista que eu j√° paguei a d√≠vida a mais de 30 dias.","Ol√°, Paulo, em resposta a sua solicita√ß√£o, esclarecemos que o Sistema de Informa√ß√µes de Cr√©dito - SCR √© um banco de dados gerido pelo Banco Central e alimentado mensalmente pelas institui√ß√µes financeiras e cont√©m informa√ß√µes sobre saldos de opera√ß√µes de cr√©dito, avais e fian√ßas prestados e limites de cr√©ditos concedidos a pessoas f√≠sicas e jur√≠dicas no Pa√≠s. As informa√ß√µes constantes do SCR servem de subs√≠dio para se apurar o endividamento do cliente no Sistema Financeiro Nacional, n√£o sendo consideradas restri√ß√µes cadastrais. A atualiza√ß√£o de dados no SCR n√£o ocorre imediatamente ap√≥s o pagamento/renegocia√ß√£o da d√≠vida, as institui√ß√µes financeiras est√£o obrigadas a encaminhar ao Banco Central at√© o 9¬∫ dia √∫til do m√™s seguinte ao da respectiva data-base, arquivo com a posi√ß√£o das responsabilidades de seus clientes no √∫ltimo dia √∫til do m√™s anterior. A lista do Bacen n√£o √© IMPEDITIVA e sim INFORMATIVA, ou seja, o cliente √© reportado no SCR (Sistema de Informa√ß√£o de Cr√©dito) tanto vencido como a vencer e tendo como hist√≥rico as 24 √∫ltimas datas base, atualizada normalmente na segunda quinzena subsequente ao m√™s da data base. Todos os clientes com responsabilidade total igual ou superior a R$ 200,00 (duzentos reais) *devem ser informados no SCR (Sistema de Informa√ß√µes de Cr√©dito do Banco Central do Brasil), independentemente de estarem inadimplentes ou n√£o. IMPORTANTE: Lembramos que a resposta completa tamb√©m √© enviada para o seu e-mail cadastrado no Reclame Aqui. caso necess√°rio atualize-o. Deixamos nosso canal a sua disposi√ß√£o sempre que precisar! Atenciosamente,Equipe Santander! ‚ô®Ô∏èClique aqui: https://www.santander.com.br/atendimento-para-voce/telefones-santander e confira todos os nossos canais de atendimento.",14/09/2023 11:49:00,"A empresa entrou em contato comigo afirmando que o problema vai ser resolvido em at√© 60 dias, sendo assim eu encerro essa reclama√ß√£o. Caso n√£o ocorra no prazo estabelecido eu abrirei outra reclama√ß√£o.",15/09/2023 08:12:00,Resolvido,N√£o,7
Bloqueio de conta,13/09/2023 12:01:00,"Bom dia, estou com um problema e n√£o vejo a solu√ß√£o. O banco bloqueio minha conta sem motivo, eu j√° liguei j√° fui at√© a ag√™ncia e a gerente disse que √© um bloqueio de seguran√ßa. Falou pra mim que solicitou o desbloqueio e tenho que aguardar 3 dias, sendo que nunca fiz nada de errado, s√≥ uso essa conta para receber da empresa de delivery que faz o pagamento nela, eu trabalho com entregas de moto e toda quarta recebo o pagamento por essa conta, estou aguardando os dias que a gerente disse e at√© agora nada, n√£o sei mas oque fazer pois meu dinheiro que trabalhei est√° l√° bloqueado e isso t√° me prejudicando com d√≠vidas.",Ol√° Ant√¥nio Identificamos  ind√≠cios de irregularidade em sua conta. Precisamos que o Sr.(a) compare√ßa at√© sua ag√™ncia para maiores esclarecimentos.Deixamos nosso canal a sua disposi√ß√£o sempre que precisar!AtenciosamenteEquipe Santander ‚ô®Ô∏è,14/09/2023 12:33:00,"N√£o resolveu ainda o meu problema , j√° fui at√© a ag√™ncia e a gerente s√≥ me disse pra aguardar esses 3 dia e nada de conseguir sacar o meu dinheiro.",14/09/2023 15:50:00,N√£o resolvido,N√£o,5
Inscri√ß√£o [Editado pelo Reclame Aqui] no registrato,13/09/2023 11:52:00,Paguei um acordo com o banco.Ao entrar no registrato deparei esse acordo como preju√≠zo me impossibilitando de conseguir cr√©dito novamente.solicito a imediata retirada do meu nome,"Fabio, tudo bem?Ap√≥s analises esclarecemos que o Sistema de Informa√ß√µes de Cr√©dito - SCR √© um banco de dados gerido pelo Banco Central e alimentado mensalmente pelas institui√ß√µes financeiras e cont√©m informa√ß√µes sobre saldos de opera√ß√µes de cr√©dito, avais e fian√ßas prestados e limites de cr√©ditos concedidos a pessoas f√≠sicas e jur√≠dicas no Pa√≠s.As informa√ß√µes constantes do SCR servem de subs√≠dio para se apurar o endividamento do cliente no Sistema Financeiro Nacional, n√£o sendo consideradas restri√ß√µes cadastrais.A atualiza√ß√£o de dados no SCR n√£o ocorre imediatamente ap√≥s o pagamento/renegocia√ß√£o da d√≠vida, as institui√ß√µes financeiras est√£o obrigadas a encaminhar ao Banco Central at√© o 9¬∫ dia √∫til do m√™s seguinte ao da respectiva data-base, arquivo com a posi√ß√£o das responsabilidades de seus clientes no √∫ltimo dia √∫til do m√™s anterior.A lista do Bacen n√£o √© IMPEDITIVA e sim INFORMATIVA, ou seja, o cliente √© reportado no SCR (Sistema de Informa√ß√£o de Cr√©dito) tanto vencido como a vencer e tendo como hist√≥rico as 24 √∫ltimas datas base, atualizada normalmente na segunda quinzena subsequente ao m√™s da data base.Todos os clientes com responsabilidade total igual ou superior a R$ 200,00 (duzentos reais) * devem ser informados no SCR (Sistema de Informa√ß√µes de Cr√©dito do Banco Central do Brasil), independentemente de estarem inadimplentes ou n√£o.Atenciosamente, Equipe Santander! ‚ô®Ô∏è",14/09/2023 13:38:00,Bom,14/09/2023 13:54:00,Resolvido,Sim,8
Renegocia√ß√£o,13/09/2023 10:27:00,"Ja realizei o pagamento da minha negocia√ß√£o, por√©m n√£o foi excluido dos org√£os de negativados ja tentei ligar por√©m sem sucesso","Ol√°, Daniele!Conforme informado via mensagem privada foi realizada a regulariza√ß√£o do apontamento.IMPORTANTE: Lembramos que a resposta completa tamb√©m √© enviada para o seu e-mail cadastrado no Reclame Aqui, caso necess√°rio atualize-o, mas voc√™ tamb√©m poder√° consultar a mensagem privada atrav√©s do caminho abaixo: Minhas reclama√ß√µes > A√ß√£o (Clicar em: Responder ou Avaliar) > Consulte abaixo: Hist√≥rico da reclama√ß√£o. Deixamos nosso canal a sua disposi√ß√£o sempre que precisar! Atenciosamente,Equipe Santander! ‚ô®Ô∏èClique aqui: https://www.santander.com.br/atendimento-para-voce/telefones-santander e confira todos os nossos canais de atendimento.",14/09/2023 18:10:00,Otimo,14/09/2023 19:49:00,Resolvido,Sim,10
Cobran√ßa [Editado pelo Reclame Aqui],13/09/2023 10:27:00,"Boa tarde. Sou cliente Santander h√° muitos anos e estou sendo cobrada por ""tarifa mensalidade pacote servicos"", no valor de R$ 12,60, ainda que tenha solicitado o pacote de servi√ßos essenciais, isento de tarifa, ao qual os clientes t√™m direito, segundo a Resolu√ß√£o 3.919/10 do Bacen. Solicito a restitui√ß√£o em dobro dos valores cobrados indevidamente, conforme artigo 42, p. Unico, do C√≥digo de Defesa do Consumidor (lei 8.078/90). Grata.","Dora, bom dia!Primeiramente, pe√ßo desculpas em nome do Banco Santander por quaisquer transtornos.Esclarecemos que a contrata√ß√£o do pacote de servi√ßos √© opcional, e todos os clientes possuem a liberalidade de optar sobre a altera√ß√£o e/ou cancelamento do pacote de servi√ßo, tanto na ocasi√£o da abertura da conta corrente, quanto no decorrer da rela√ß√£o comercial, seja por meio da sua ag√™ncia de relacionamento, central de atendimento ou nosso APP.No pr√≥prio termo de contrata√ß√£o de pacote de servi√ßos √© disponibilizado e assegurado a todos os clientes a op√ß√£o pelos servi√ßos essenciais. Sendo assim, destacamos que a op√ß√£o do cancelamento √© uma decis√£o exclusiva do cliente, n√£o cabendo nesse sentido, a realiza√ß√£o de estornos ou ressarcimentos pelos servi√ßos prestados. Ainda assim, constatamos que houve o estorno da mensalidade  AGOSTO / 2023/JULHO / 2023/JUNHO / 2023/MAIO / 2023/ creditados em 13/09/23.Agradecemos o seu contato e permanecemos √† disposi√ß√£o.Atenciosamente, Equipe Santander! ‚ô®Ô∏è",13/09/2023 11:51:00,√ìtimo atendimento feito pela Bruna.,13/09/2023 13:31:00,Resolvido,Sim,10
Falta de respeito com o cliente,13/09/2023 07:59:00,"O banco Santander n√£o respeita o cliente, estou desde o m√™s de agosto tentando contato para negociar um empr√©stimo, me mandam abrir protocolo, procedimento que j√° foi feito, e respondem o email com respostas evasivas, mandando novamente abrir um protocolo, parece at√© que √© f√°cil falar no bendito call center. Nunca vi pedir para abrir protocolo, s√≥ para enviar o nome e contato do gerente da conta, que nunca efetuou um contato.","Bom dia Silvia!Recebemos a sua manifesta√ß√£o atrav√©s do Reclame Aqui e estamos escrevendo para te oferecer uma resposta.Verificamos que nos acionou sobre o assunto mediante o protocolo 224592762.Prezada, SILVIA. Agradecemos o seu contato com o Banco Santander registrado sob o Protocolo N¬∞224592762. Em resposta a sua mensagem registrada, n√£o temos acesso na libera√ß√£o de consignado, seja novo contrato, refinanciamento, ou contrato de renegocia√ß√£o, pois n√£o temos acesso ao cadastro de proposta ou simula√ß√£o.Ademais, informamos que, opera√ß√£o de cr√©dito consignado √© um empr√©stimo vinculado ao seu conv√™nio, ou seja, o repasse para o banco Santander ocorre devido a troca de arquivos com Banco Santander (desconto em folha). Ap√≥s perder v√≠nculo √© respons√°vel pela liquida√ß√£o das parcelas e para renegocia√ß√£o √© necess√°rio que verifique junto √† sua ag√™ncia banc√°ria e ao seu gerente de relacionamento a possibilidade de submiss√£o de an√°lise, ao qual, estar√° sujeito an√°lise credit√≠cia, que s√£o considerados v√°rios fatores internos e externos. Dentre os internos, avaliamos o hist√≥rico de relacionamento que possui conosco, suas informa√ß√µes cadastrais, renda e capacidade financeira. Como fatores externos, podemos citar os √≥rg√£os de prote√ß√£o ao cr√©dito e o comprometimento global de renda. O resultado da combina√ß√£o desses fatores √© que ir√° determinar aprova√ß√£o ou n√£o da concess√£o de cr√©dito.   IMPORTANTE: Lembramos que a resposta completa tamb√©m √© enviada para o seu e-mail cadastrado no Reclame Aqui, caso necess√°rio atualize-o, mas voc√™ tamb√©m poder√° consultar a mensagem privada atrav√©s do caminho abaixo: Minhas reclama√ß√µes > A√ß√£o (Clicar em: Responder ou Avaliar) > Consulte abaixo: Hist√≥rico da reclama√ß√£o. Deixamos nosso canal a sua disposi√ß√£o sempre que precisar! Atenciosamente,Equipe Santander! ‚ô®Ô∏èClique aqui: https://www.santander.com.br/atendimento-para-voce/telefones-santander e confira todos os nossos canais de atendimento.",14/09/2023 12:00:00,"P√©ssimo atendimento,  por diversas vezes tenho solicitado o contato do gerente respons√°vel pela conta,  pois em todos esses anos que sou correntista,  nunca fui contatada.Me mandam abrir protocolo,  e n√£o enviam contato, nunca vi banco pior em termos de contato e negocia√ß√£o.  Depois acham ruim quando perdem o cliente.",14/09/2023 21:16:00,N√£o resolvido,N√£o,1
Cobran√ßa [Editado pelo Reclame Aqui],12/09/2023 21:58:00,"Quitei minha renegocia√ß√£o com o Santander e a d√≠vida simplesmente continua no sistema do banco. Em contato com o banco, a √∫nica resposta que consegui foi ignore a informa√ß√£o que aparece no aplicativo.","Boa tarde Carlos, tudo bem?Recebemos a sua manifesta√ß√£o atrav√©s do Reclame Aqui e estamos escrevendo para te oferecer uma resposta.Em aten√ß√£o √† sua demanda, esclarecemos que o saldo devedor do seu contrato cart√£o XXXX-XXXXXXXXX foi quitado na data 31/08/2023.Sendo assim, n√£o h√° valores em aberto, o acordo foi liquidado.Quando algumas faturas ficam sem pagamento e o contrato √© enviado para cobran√ßa, o App congela a imagem da √∫ltima fatura que foi emitida. Mesmo ap√≥s a liquida√ß√£o das d√≠vidas essa imagem permanece. Somente ocorrer√° altera√ß√£o desta imagem se: -> Houver o cancelamento do contrato do cart√£o. -> Caso haja libera√ß√£o de limite e uso do cart√£o, gerando assim uma nova fatura.Como voc√™ j√° liquidou o saldo devedor, seu cadastro passa a ser analisado por nossas √°reas de cr√©dito. Isso significa que o limite pode vir a ser liberado neste contrato novamente. Por fim, fique tranquilo pois de fato a d√≠vida encontra-se liquidada. IMPORTANTE: Lembramos que a resposta completa tamb√©m √© enviada para o seu e-mail cadastrado no Reclame Aqui, caso necess√°rio atualize-o, mas voc√™ tamb√©m poder√° consultar a mensagem privada atrav√©s do caminho abaixo: Minhas reclama√ß√µes > A√ß√£o (Clicar em: Responder ou Avaliar) > Consulte abaixo: Hist√≥rico da reclama√ß√£o. Deixamos nosso canal a sua disposi√ß√£o sempre que precisar! Atenciosamente,Equipe Santander! ‚ô®Ô∏èClique aqui: https://www.santander.com.br/atendimento-para-voce/telefones-santander e confira todos os nossos canais de atendimento.",13/09/2023 16:53:00,Obtive uma resposta r√°pida e clara.,14/09/2023 17:45:00,Resolvido,Sim,9
Conta encerrada em 2018 ainda informa que est√° aberta no Registrato do Banco Central,12/09/2023 21:34:00,Encerrei minha conta com o Santander em 29/10/2018 onde j√° tem mais de 3 anos. E na data de hoje dia 12/09/2023 emiti um relat√≥rio no sistema Registrato do Banco Central e ainda n√£o informa o fechamento da conta! Somente a abertura em 27/09/2017. Gostaria de informa√ß√µes sobre isso e que fosse atualizado essa informa√ß√£o no Banco Central j√° que n√£o tenho mais conta no Santander. Aguardo feedback! Tenho os comprovantes/documentos tanto de abertura como de encerramento da conta.,"Ol√° Yago A sua solicita√ß√£o de encerramento  j√° foi realizada. Segue em anexo o termo de encerramento. ( via privado )Atenciosamente, Equipe Santander! ‚ô®Ô∏è",13/09/2023 15:03:00,Agrade√ßo o suporte e feedback! Resolvido!,13/09/2023 18:11:00,Resolvido,Sim,10
CANCELAMENTO DO SEGURO PRESTAMISTA,12/09/2023 20:21:00,"N√£o quero mais esse seguro, e esses atendentes pessimos ficam desligando!!!!! falta de empatia com o cliente!!!!!!!!ATENDENTE BRUNO E J√öNIOR DO SETOR DE CANCELAMENTO, pessimos!!!!Estou com um problema ao tentar cancelar meu seguro de prestamista de um empr√©stimo que fiz.Liguei v√°rias vezes na Central de Atendimento e toda vez que v√£o me redirecionar ao atendimento a liga√ß√£o cai.","Ol√°, VivianeEspero que esteja tudo bem com voc√™!Primeiramente, em nome do Banco Santander lamento quaisquer transtornos ou mal-entendidos que possam ter ocorrido, pois o objetivo do Santander √© sempre a plena satisfa√ß√£o dos clientes.Em resposta a sua manifesta√ß√£o , Identificamos que o seguro prestamista ap√≥lice 8486 certificado 48*****50 foi contratado 17/05/2021, o seguro foi cancelado em 13/09/2023  e a devolu√ß√£o do seguro no valor de R$ 8*****,46.Foi pago para conta 1****41 em 3 a 5 dias √∫teis.Salientamos que o estorno integral somente ocorre dentro do prazo de arrependimento (7 dias da contrata√ß√£o), ap√≥s essa prazo se houver estorno ser√° proporcional, pois dentro do per√≠odo de vig√™ncia contou com as coberturas , ou seja, em caso de sinistro o mesmo seria devidamente indenizado.Assim entendemos que, n√£o h√° mais valores a serem devolvidos tendo visto cobertura securit√°ria que contou no per√≠odo de vig√™ncia da ap√≥lice.Agradecemos o seu contato e permanecemos √† disposi√ß√£o.ESTAMOS CONECTADOS 24 HORAS, 7 DIAS POR SEMANAAPLICATIVO: SANTANDER - Dispon√≠vel no Google Play e App StoreAPLICATIVO SANTANDER UNIVERSIT√ÅRIO - Dispon√≠vel no Google Play e App StoreAPLICATIVO: SANTANDER WAY - Dispon√≠vel no Google Play e App StoreWWW.SANTANDER.COM.BRTWITTER: @SANTANDER_BRFACEBOOK: SANTANDER BRASILSAC:Reclama√ß√µes, cancelamentos e informa√ß√µes gerais: 0800 762 7777Atende tamb√©m pessoas com defici√™ncia auditiva e de fala pelo telefone 0800 771 0401Liga√ß√µes do exterior (a cobrar): +55 (11) 3012 3336Central de Atendimento:Consultas, informa√ß√µes, transa√ß√µes e cancelamentos.4004 3535 (capitais e regi√µes metropolitanas)0800 702 3535 (demais localidades)0800 723 5007 (pessoas com defici√™ncia auditiva e de fala)Central de Atendimento Empresarial:Dispon√≠vel de segunda a sexta-feira, das 8h √†s 20h4004 2125 (capitais e regi√µes metropolitanas)0800 726 2125 (demais localidades)0800 723 5007 (pessoas com defici√™ncia auditiva e de fala)Ouvidoria:Dispon√≠vel de segunda a sexta-feira, das 8h √†s 20h, exceto feriados0800 726 0322Pessoas com defici√™ncia auditiva ou de fala: 0800 771 0301.",14/09/2023 13:41:00,agrade√ßo a resposta! j√° consegui fazer o cancelamento! mas pe√ßo que tenham um pouco mais de empatia com seus clientes! demorei pra conseguir.,14/09/2023 13:56:00,Resolvido,N√£o,5
